,Раздел,Слова,Важность,Компетенция
0,1,"Организовывать, планировать и анализировать работу",7,Медицинская оптика
1,,"Специалист должен знать и понимать: 
назначение, использование, техническое 
 
обслуживание и уход за  оборудованием, а также 
безопасность его применения; 
•  основы информатики и вычислительной техники; 
•  методы поиска для получения соответствующей 
информации специального и общего характера, 
технических условий и инструкций; 
•  внутренние организационно-распорядительные 
документы экономического субъекта, 
регламентирующие способы защиты персональных 
данных; 
•",,Медицинская оптика
2,,"Специалист должен уметь: 
подготавливать и поддерживать рабочее место в 
 
безопасном, аккуратном и эффективном состоянии; 
•  пользоваться программным обеспечением для 
оформления заказа покупателю;  
•  подготавливать отчётность согласно выполняемому 
типу работ; 
•  принимать решения в стандартных и нестандартных 
ситуациях и нести за них ответственность; 
•  осуществлять поиск и использовать информацию, 
необходимой для эффективного выполнения 
профессиональных задач.",,Медицинская оптика
3,2,Организовывать сбыт продукции,6,Медицинская оптика
4,,"Специалист должен знать и понимать: 
•  основные торговые марки производителей 
медицинской оптики; 
•  направления развития рынка медицинской оптики 
(мода, технологии); 
•  номенклатурное обозначение каждой единицы 
оптических средств коррекции зрения и 
аксессуаров к ним;  
•  принципы мерчандайзинга; 
•  правила хранения  сопровождающих документов 
на оптические средства коррекции зрения;",,Медицинская оптика
5,3,Устанавливать межличностную коммуникацию,12,Медицинская оптика
6,,"Специалист должен знать и понимать: 
•  основы психологии общения; 
•  типы, характер личности; 
•  причины возникновения конфликтной ситуации; 
•  основные причины неудовлетворенности 
покупателя очками.",,Медицинская оптика
7,,"Специалист должен уметь: 
•  устанавливать конструктивные отношения с 
покупателем;  
•  выявлять или создавать потребности клиента; 
•  разрешать конфликтные ситуации; 
•  разъяснять покупателю положения правил продажи 
отдельных видов товара.",,Медицинская оптика
8,4,Проводить продажу (или продавать ),6,Медицинская оптика
9,,Специалист должен знать и понимать:,,Медицинская оптика
10,5,Проводить измерения и контроль параметров,47.5,Медицинская оптика
11,,"Специалист должен знать и понимать: 
•  классификацию линз; 
•  классификацию оправ; 
•  маркировку оправ; 
•  принципы работы оптических приборов и 
инструментов (диоптриметр, оптическая линейка, 
тестовые приборы); 
•  виды средств коррекции зрения; 
•  свойства и характеристики материалов; 
•  методы контроля соответствия диаметра линз 
подобранной оправе; 
•  способы проверки линз на оптических приборах;",,Медицинская оптика
12,,"Специалист должен уметь: 
•  пользоваться основными оптическими приборами 
(диоптриметр, линейка оптическая);  
•  определять оптимальный вид линз по данным 
рецепта;  
•  измерять антропологические параметры лица 
покупателя (пантоскопический угол, вертексное 
расстояние, высота переносицы, ширина 
переносицы);  
•  размечать оправы под различные виды линз;  
•  рассчитывать технологическую возможность",,Медицинская оптика
13,,"Специалист должен знать и понимать: 
•  способы проверки линз на оптических приборах; 
•  устройство, правила и особенности работы на 
оборудовании для обработки очковых линз;  
•  технологию  изготовления очков; 
•  оснащение производственной мастерской; 
•  действующие отраслевые стандарты; 
•  виды прописей рецептов",,Медицинская оптика
14,,"Специалист должен уметь: 
•  работать на оборудовании для обработки очковых 
линз; 
•  изготавливать средства коррекции зрения; 
•  производить выправку оправы корригирующих 
очков.",,Медицинская оптика
15,,"Принимать и применять решения по ремонту, замене и",,Медицинская оптика
16,,дизайну.,,Медицинская оптика
17,,"Специалист должен знать и понимать: 
•  технологии и методы ремонта оправ 
корригирующих очков;  
•  устройства, приспособления, инструменты и 
расходные материалы для ремонта оправ и очков; 
•  виды работ, выполняемых при ремонте оправ и 
очков; 
•  используемые современные конструкции и детали 
оправ и очков; 
•  технологии и методы декора; 
•  инструмент, материал и приспособления для 
выполнения декора средств коррекции зрения;",,Медицинская оптика
18,,"Специалист должен уметь: 
•  выполнять ремонт оправ и очков;  
•  применять соответствующие инструмент, 
приспособления и расходные материалы при 
ремонте оправ и очков;  
•  производить замену отдельных деталей оправ и 
очков;  
•  производить замену очковых линз в оправах",,Медицинская оптика
0,3,Обработка результатов измерения,30%,Метрология
1,,"Специалист должен знать и понимать: 
•  Законодательство  Российской  Федерации,  регламентирующее 
вопросы единства измерений и метрологического обеспечения 
•  Нормативные  и  методические  документы,  регламентирующие 
вопросы выбора методов и средств измерений 
•  Нормативные  и  методические  документы,  регламентирующие 
работы по метрологическому обеспечению в организации",,Метрология
2,,"Специалист должен уметь: 
•  Выполнять обработку результатов измерений 
•  Выполнять  расчет  и  определение  допускаемой  погрешности 
(неопределенности) измерений 
•  Получать,  интерпретировать  и  анализировать  результаты 
измерений",,Метрология
3,,Оформление  и  ведение  производственно-технической,,Метрология
4,,документации,,Метрология
5,,"Специалист должен знать и понимать: 
•  Законодательство  Российской  Федерации,  регламентирующее 
работы по метрологическому обеспечению в организации",,Метрология
0,,"Специалист должен уметь: 
  Подготавливать и поддерживать безопасную, 
аккуратную и эффективную зону проведения работ; 
  Подготавливать себя к поставленным задачам, уделяя 
должное внимание технике безопасности и нормам 
охраны труда; 
  Планировать работу для максимизации эффективности 
и минимизации срывов графика; 
  Учитывать правила и нормативные положения, 
действующие для техников и инженеров в области 
робототехники; 
  Выбирать и безопасно использовать все оборудование 
и материалы в соответствии с инструкциями 
изготовителя; 
  Соблюдать или превышать стандарты техники 
безопасности и охраны труда, применяемые в 
отношении окружающей среды, оборудования и 
материалов; 
  Восстанавливать зону проведения работ до 
соответствующего состояния; 
  Содействовать работе команды в широком смысле и в 
конкретных случаях; 
  Осуществлять и получать обратную связь и оказывать 
и получать поддержку.",,Мобильная робототехника
1,2,Компетенции общения и межличностных отношений,11,Мобильная робототехника
2,3,Проектирование,7,Мобильная робототехника
3,,"Специалист должен знать и понимать: 
  Принципы и способы применения проектной 
разработки; 
  Характер и формат технических условий проекта;",,Мобильная робототехника
4,,"Специалист должен знать и понимать: 
  Основные принципы механического, электрического и 
электронного технического проектирования; 
  Принципы изготовления и сборки; 
  Принципы и практику безопасного изготовления и 
функционирования.",,Мобильная робототехника
5,,"Специалист должен уметь: 
  Изготавливать детали корпуса мобильного робота; 
  Интегрировать структурные и механические части 
мобильного робота; 
  Интегрировать электронные схемы управления; 
  Устанавливать, настраивать и производить все 
необходимые физические и программные регулировки, 
требуемые для эффективного использования; 
  Устанавливать, настраивать и производить все 
необходимые регулировки в механических, 
электрических и сенсорных системах; 
  Устанавливать, настраивать и производить все 
регулировки, требуемые для эффективной работы 
мобильного робота в режиме супервизорного 
управления; 
  Интегрировать датчики для осуществления контроля 
над требуемыми задачами.",,Мобильная робототехника
6,5,"Программирование, тестирование и регулировка",20,Мобильная робототехника
7,,Специалист должен знать и понимать:,,Мобильная робототехника
8,,"Специалист должен знать и понимать: 
  Критерии и методы тестирования оборудования и 
систем; 
  Критерии и методы эксплуатационных тестовых 
прогонов; 
  Область действия и пределы используемых технологий 
и методов; 
  Стратегия творческого мышления и создание 
инноваций; 
  Возможности и варианты осуществления поэтапных и 
(или) радикальных изменений 
.",,Мобильная робототехника
9,,"Специалист должен уметь: 
  Тестировать каждую часть мобильного робота по 
каждому согласованному критерию надежной работы; 
  Тестировать общие эксплуатационные характеристики 
мобильного робота по каждому согласованному 
критерию надежной работы; 
  Оптимизировать функционирование каждой части 
системы и системы в целом путем анализа, решения 
проблем и усовершенствования; 
  Проводить окончательный тестовый прогон перед 
вводом системы в эксплуатацию; 
  Анализировать каждую часть процесса 
проектирования, изготовления, сборки и эксплуатации 
по установленным критериям, включая точность, 
стабильность, временную и экономическую 
эффективность; 
  Убеждаться, что все аспекты стадии проектирования 
удовлетворяют требуемым отраслевым стандартам; 
  Оформлять и представлять портфель клиенту; 
портфель должен включать всю значимую 
документацию, требуемую для конкретной бизнес-
транзакции; 
  Проводить презентацию мобильного робота и 
портфеля клиенту, отвечать на вопросы клиента.",,Мобильная робототехника
0,1,Менеджмент и организация работы,10,Обработка листового металла
1,,"Специалист должен знать и понимать: 
Действующие правила по технике безопасности и 
рекомендации по охране труда используемые в  современных 
промышленных отраслях  
- уметь организовывать  и обустраивать свое рабочее место  
- Правильно производить  утилизации отрезков, стружки, 
использованных чистящих средств и  чистящих материалов; 
- Преобразование общих стандартных и метрических 
измерений между элементами / частями 
- Использовать простые  математические  формулы  для 
вычисления дополнительных измерений,  
Уметь проводить проверку точности и оценки количества 
изделий и материалла 
- Значимость и актуальность проверочных измерений 
- Наиболее подходящие способы организации работы при 
создании образцов (фигур/моделей), чтобы можно было 
максимально грамотно, без потерь использовать материалы 
Общие характеристики, такие как ковкость, пластичность и 
стойкость включают в себя: 
- Низкоуглеродистые стали 
- Алюминий и алюминиевые сплавы 
- Олово / латунь / медь 
- оцинкованный и анодированный лист 
- Нержавеющая сталь 
- Точно переносить измерения и контуры на листовой металл и 
соответствующие разделы 
- Аккуратно использовать ручное и цифровое измерительное 
оборудование 
- Эффективно использовать материал и уменьшить количество 
лома/отходов 
- Вырезать, формовать и использовать материал из листового 
металла для дальнейшего использования таких свойств как 
Эластичность, ковкость и вязкость  
- Использовать математические формулы для расчета 
допусков, Количества расходуемого материала и завершения 
размеров 
- Работать в заданных временных промежутках",,Обработка листового металла
2,2,Разработка шаблонов,10,Обработка листового металла
3,,"Специалист должен знать и понимать: 
- Как интерпретировать чертежи при европейском способе 
проецирования, американском способе проецирования (где 
горизонтальная проекция выше фронтальной) и ортогональной 
проекции (ортографической) 
- Методы и принципы разработки моделей/шаблонов для 
параллельных линий, радиальных линий  
- Принципы и методы разработки шаблонов с использованием 
AutoCAD для параллельных линии, радиальных линии и 
триангуляции 
- Как проверить шаблоны и методы переноса на листовой 
металл",,Обработка листового металла
4,,"Специалист должен уметь: 
- Точно передавать информацию и размеры с  чертежа и 
переносить их на листовой металл",,Обработка листового металла
5,,"Специалист должен знать и понимать: 
 - Расчеты припуска на изгиб и  допуски на отступ 
- Выбор, уход и обслуживание ручных инструментов, 
используемых для Резки и формовки материалов 
- Выбор, уход и настройка машин ручного управления 
служащих для  формовки 
- Принципы выбора и программирования при использовании 
станков с ЧПУ для обработки листового материала 
- Первичные операции сгибания (фальцовки), прокатки, 
фланцевания (фландировки) и формовки 
- Эксплуатация и настройка  станков механического пиления 
- Выбор, уход и обслуживание используемых режущих 
инструментов для  вырезания узоров/шаблонов 
- Выбор методов ручной резки, доступных для резки шаблона 
- Работа и настройка машин, используемых для резки и 
формовки листового металла 
- Регулировка и эксплуатация  оборудования механического 
пиления",,Обработка листового металла
6,,"Специалист должен уметь: 
- Расчеты припуска на изгиб и  допуски на отступ 
- Выбор, уход и обслуживание ручных инструментов, 
используемых для Резки и формовки материалов 
- Выбор, уход и настройка машин ручного управления 
служащих для  формовки 
- Принципы выбора и программирования при использовании 
станков с ЧПУ для обработки листового материала 
- Первичные операции сгибания (фальцовки), прокатки, 
фланцевания  и формовки 
- Эксплуатация и настройка  станков механического пиления 
- Выбор, уход и обслуживание используемых режущих 
инструментов для  вырезания узоров/шаблонов 
- Выбор методов ручной резки, доступных для резки шаблона 
- Работа и настройка машин, используемых для резки и 
формовки листового металла",,Обработка листового металла
7,,"Специалист должен знать и понимать: 
- Расчеты припуска на изгиб и  допуски на отступ 
- Выбор, уход и обслуживание ручных инструментов, 
используемых для Резки и формовки материалов 
- Выбор, уход и настройка машин ручного управления 
служащих для  формовки 
- Принципы выбора и программирования при использовании 
станков с ЧПУ для обработки листового материала 
- Первичные операции сгибания (фальцовки), прокатки, 
фланцевания (фландировки) и формовки 
- Эксплуатация и настройка  станков механического пиления 
- Выбор методов ручной резки, доступных для резки шаблона 
- Работа и настройка машин, используемых для резки и 
формовки листового металла 
- Регулировка и эксплуатация  оборудования механического 
пиления",,Обработка листового металла
8,,"Специалист должен уметь: 
- Использовать чертежи и расчеты для припусков на изгиб / 
допусков на отступ . Производить точные перегибы / сгибы, 
включая использование шаблонов 
- Используйте все виды ручных инструментов для резки, 
формовки листового металла 
- Настраивать и использовать оборудование для  ручной 
формовки/отливки 
- Программировать оборудование ЧПУ для выполнения 
операций по формовке/отливке 
- Выполнять операции первичной отливки/ формовки 
- Настраивать и использовать электроинструменты  
- Настроить и использовать оборудование механического 
пиления  
- Использовать ручные режущие инструменты для получения 
точных рисунков/шаблонов. Сюда входят: 
- Специальные ножницы(для работы с металлом) 
- Режущая машина 
- Вырубные ножницы 
- Инструменты для удаления заусенцев и сверла 
Уметь использовать электроинструмент/механизированный 
инструмент. Необходимые инструменты:",,Обработка листового металла
9,,"Специалист должен знать и понимать: 
 Международные стандарты сварки 
- Завершающие процессы по работе 
- Характеристики каждого типа финишнего процесса 
- Набор инструментов и оборудования, необходимых для 
завершения работы  
- Как подготовить необходимый инструмент/материал для 
завершения работы: 
 Сюда входят: 
- Различные порошки 
- Анодирование (подвергать поверхность анодной обработке) 
- Покраска 
- Полировка 
- Листовая обшивка 
- Оцинковка",,Обработка листового металла
10,,"Специалист должен уметь: 
- Выполнять различные виды сварочных работ 
- Использовать ручные инструменты для планирования и 
отделки изделий из листового металла 
- Использовать электроинструменты и оборудование для 
отделки изделий из листового металла, включая  
текстурирующее оборудование.",,Обработка листового металла
0,1,Безопасность,16,Обслуживание грузовой техники
1,,"Специалист должен знать и понимать: 
Меры, необходимые для сохранения 
 
здоровья и рабочего пространства в 
безопасности 
Назначение средств индивидуальной защиты, 
 
используемых техническим специалистом. 
Ассортимент и назначение веществ, материалов и 
 
оборудования, используемых в производстве. 
Безопасное и рациональное использование и хранение 
 
веществ и материалов. 
Причины и предотвращение любых рисков, связанных 
 
с поставленными задачами. 
Важность содержания рабочего места в чистоте и 
 
порядке для здоровья и безопасности, и важность 
подготовки рабочего пространства для 
использования следующим специалистом.",,Обслуживание грузовой техники
2,,"Специалист должен уметь: 
Последовательно и добросовестно выполнять 
 
нужные процедуры для защиты здоровья и 
обеспечения безопасности на рабочем месте. 
Используйте подходящие средства индивидуальной 
 
защиты: участники постоянно должны носить 
защитную обувь и защиту для глаз с боковыми 
щитками, защиту для ушей, средства защиты 
органов дыхания, и либо защитные перчатки, либо 
перчатки для механиков, по мере необходимости. 
Выбирать и использовать все оборудование и 
 
материалы безопасно и в соответствии с 
инструкцией производителей. 
Утилизировать вещества и материалы без риска для 
 
окружающей среды. 
Предвидеть и предотвращать любые риски, 
 
связанные с заданиями. 
Подготовить и поддерживать рабочее место с 
 
учетом мер безопасности, и подготовить рабочее 
пространство для следующего специалиста.",,Обслуживание грузовой техники
3,,"Специалист должен уметь: 
Организовать процесс и применить 
 
соответствующие решения относительно 
технического обслуживания или ремонта. 
Использовать наиболее подходящие методы для 
 
выполнения каждого задания.",,Обслуживание грузовой техники
4,3,Применение и интерпретация технической информации,12,Обслуживание грузовой техники
5,,"Специалист должен знать и понимать: 
Использование и применение ряда технической 
 
информации на бумаге и в электронном виде. 
Как прочесть, интерпретировать и извлечь 
 
информацию из любого формата. 
Как применить техническую информацию к 
 
конкретному заданию. 
Как корректно использовать технический язык, 
 
относящийся к заданию.",,Обслуживание грузовой техники
6,,"Специалист должен уметь: 
Выбрать подходящие источники технической 
 
информации, применимые к заданию. 
Прочесть, интерпретировать и извлечь информацию 
 
из необходимого источника. 
Применить техническую информацию к заданию. 
 
Понимать и корректно использовать технический 
 
язык, относящийся к заданию.",,Обслуживание грузовой техники
7,4,Точное измерение,12,Обслуживание грузовой техники
8,,"Специалист должен знать и понимать: 
Типы диагностических измерительных приборов в 
 
обеих метрических системах. 
Назначение и надлежащее использование 
 
диагностических измерительных приборов 
Как выбирать, использовать и интерпретировать 
 
результаты диагностических измерительных 
приборов для осуществления точных измерений, для 
того, чтобы определить неисправности в системе.",,Обслуживание грузовой техники
9,,Специалист должен уметь:,,Обслуживание грузовой техники
10,,"Специалист должен знать и понимать: 
Перечень неисправностей и их признаков в системах 
 
или частях грузовых автомобилей. 
Перечень и применение методов диагностики и 
 
соответствующего оборудования. 
Как применить результаты диагностики и других 
 
вычислений для распознавания неисправностей. 
Важность регулярного технического обслуживания 
 
для минимизации неисправностей в системе и ее 
частях.",,Обслуживание грузовой техники
11,,"Специалист должен уметь: 
Обнаружить и продиагностировать неисправность в 
 
системах или частях грузовых автомобилей. 
Использовать и применять результаты надлежащих 
 
методов диагностики и диагностического 
оборудования. 
Применить результаты диагностического 
 
тестирования и любые соответствующие расчеты, 
чтобы правильно идентифицировать и устранить 
неисправности, связанные с заданием.",,Обслуживание грузовой техники
12,6,Надлежащее использование приборов,12,Обслуживание грузовой техники
13,,"Специалист должен знать и понимать: 
Назначение и надлежащее хранение перечня 
 
приборов для технического обслуживания или 
ремонта любых частей и систем, связанных с 
грузовыми автомобилями.",,Обслуживание грузовой техники
14,,"Специалист должен уметь: 
Выбирать, грамотно использовать и хранить 
 
приборы для конкретного задания.",,Обслуживание грузовой техники
15,,Техническое обслуживание и ремонт компонентов или,,Обслуживание грузовой техники
16,,систем,,Обслуживание грузовой техники
17,,Коммуникация при техническом обслуживании или,,Обслуживание грузовой техники
18,,ремонте,,Обслуживание грузовой техники
19,,"Специалист должен знать и понимать: 
Как четко и верно записать техническую 
 
информацию в письменный отчет по каждому 
заданию.",,Обслуживание грузовой техники
20,,"Специалист должен уметь: 
Четко и верно записать техническую информацию в 
 
письменный отчет по каждому заданию.",,Обслуживание грузовой техники
21,,Всего,100,Обслуживание грузовой техники
0,1,Организация работы,20,Огранка ювелирных вставок
1,,"Специалист должен знать и понимать: 
•  принципы и способы безопасного выполнения работ в 
общем и в применении к огранке ювелирных вставок; 
•  назначение, использование, уход и техническое 
обслуживание всего оборудования и материалов, а 
также их влияние на безопасность; 
•  принципы безопасности и защиты окружающей среды 
и их применение в отношении содержания рабочей 
зоны в хорошем состоянии; 
•  принципы и методы организации работы, контроля и 
управления; 
•  принципы коммуникации и сотрудничества; 
•  объем и ограничения собственной роли и ролей других 
людей, а также индивидуальные и коллективные 
обязанности и ответственность; 
•  параметры, в рамках которых планируется 
деятельность; 
•  принципы и методы управления временем.",,Огранка ювелирных вставок
2,,"Специалист должен уметь: 
•  подготавливать и поддерживать рабочее пространство 
в безопасном, аккуратном и продуктивном состоянии; 
•  подготавливать себя к поставленным задачам, уделяя 
должное внимание технике безопасности и нормам 
охраны труда; 
•  планировать работу для максимизации продуктивности 
и минимизации нарушений графика; 
•  выбирать и безопасно использовать все оборудование и 
материалы в соответствии с инструкциями 
изготовителя; 
•  применять требования (либо превышать их) стандартов 
техники безопасности и норм охраны здоровья в 
отношении окружающей среды, оборудования и 
материалов; 
•  восстанавливать зону проведения работ до 
надлежащего состояния; 
•  вносить свой вклад в работу команды и организации в 
целом как в общем, так и в конкретных случаях; 
•  предоставлять и принимать комментарии и поддержку.",,Огранка ювелирных вставок
3,2,Огранка ювелирных вставок,80,Огранка ювелирных вставок
4,,Всего,100,Огранка ювелирных вставок
0,1,Организация деятельности и безопасность,15,Организация строительного производства
1,,"Специалист должен знать и понимать: 
•  Принципы организации комплексных и 
специализированных производственных звеньев и 
бригад 
•  Технологии производства строительных работ 
•  Виды и технические характеристики технологической 
оснастки (лесов, подмостей, защитных 
приспособлений, креплений стенок котлованов и 
траншей) 
•  Требования нормативных документов в области 
охраны труда, пожарной безопасности и охраны 
окружающей среды 
•  Виды негативного воздействия на окружающую среду 
при производстве различных видов строительных 
работ и методы их минимизации и предотвращения 
•  Основные вредные и (или) опасные производственные 
факторы 
•  Требования охраны труда и пожарной безопасности 
при производстве строительных работ 
•  Требования к рабочим местам и порядок организации и 
проведения специальной оценки условий труда 
•  Правила ведения документации по контролю 
исполнения требований охраны труда, пожарной 
безопасности и охраны окружающей среды 
•  Меры административной и уголовной ответственности, 
применяемые при нарушении требований охраны",,Организация строительного производства
2,2,Коммуникая и работа с людьми,10,Организация строительного производства
3,,"Специалист должен знать и понимать: 
•  Принципы построения эффективной коммуникации 
•  Методы убеждения собеседника 
•  Методы выявления потребностей  
•  Методы решения конфликтных ситуаций 
•  Особенности общения по телефону 
•  Особенности личного общения 
•  Особенности общения по переписке",,Организация строительного производства
4,,"Специалист должен уметь: 
•  Излагать информацию грамотно и не трактуемо при 
помощи любой коммуникации 
•  Выстраивать эффективное общение по телефону,",,Организация строительного производства
0,,"  производственную и организационную структуру предприятия и 
перспективы его развития",,Охрана окружающей среды
1,,"Специалист должен уметь: 
  свободно разбираться в экологическом законодательстве, требованиях и 
нормативах 
  работать в программах, позволяющих моделировать воздействие 
предприятия на окружающую среду  (включая графические редакторы) 
  разбираться в зарубежном и отечественном опыте в сфере охраны 
окружающей среды 
  уметь составлять необходимую отчетность и документацию по охране 
окружающей среды",,Охрана окружающей среды
2,2,"Обеспечение предприятия разрешительными документами в области охраны 
окружающей среды",20,Охрана окружающей среды
3,,"Специалист должен знать и понимать: 
•  Порядок разработки, согласования, утверждения и хранения локальной 
документации предприятия 
•  Систему государственного надзора и контроля за соблюдением требований 
охраны окружающей среды, права и обязанности представителей государственного 
надзора и контроля за соблюдением требований ООС, обязанности предприятий при 
проведении государственного надзора и контроля за соблюдением требований ООС 
•  Ответственность за нарушение требований охраны окружающей среды 
(дисциплинарная, административная, гражданско-правовая, уголовная) и порядок 
привлечения к ответственности",,Охрана окружающей среды
4,,"Специалист должен уметь: 
•  Определить перечень необходимой разрешительной документации для 
предприятия в соответствии с категорией предприятия  
•  Применять государственные нормативные требования ООС при разработке 
локальных нормативных актов; 
•  Провести оценку воздействия предприятия на окружающую среду при 
проектировании и функционировании предприятия, установить нормативы 
воздействия на окружающую среду (включая  инвентаризацию источников 
выбросов, отходов и сбросов,  нормативы ПДВ, НООЛР, НДС) 
•  Определить санитарно-защитную зону предприятия 
•  Разрабатывать регулярную отчетность в области ООС 
•  Анализировать изменения законодательства в сфере ООС 
•  Применять методы проверки (аудита) функционирования системы управления 
ООС, выявлять и анализировать недостатки 
•  Взаимодействовать с гос. органами по ООС 
•  Анализировать причины несоблюдения требований ООС, оценивать и 
избирать адекватные меры по устранению выявленных нарушений 
•  Обучать сотрудников компании в области экологии и доносить до них 
информацию по охране окружающей среды",,Охрана окружающей среды
5,3,"Обеспечение снижения уровней негативного воздействия предприятия на 
окружающую среду",20,Охрана окружающей среды
6,,"Специалист должен знать и понимать: 
 современные  природосберегающие  технологии,  основные  принципы 
организации и создания безотходных, малоотходных и экологически чистых 
производств; 
 принципы  работы,  достоинства  и  недостатки  современных  приборов  и 
аппаратов очистки; 
 инженерные методы обеспечения экологической безопасности и технические 
мероприятия  по  снижению  загрязнения  природной  среды  промышленными 
выбросами.",,Охрана окружающей среды
7,,,,Охрана окружающей среды
8,,"Специалист должен уметь: 
• Применять методы идентификации опасностей и оценки рисков негативного 
воздействия на окружающую среду и рисков превышения нормативных 
уровней негативного воздействия; 
• Оценивать приоритетность реализации мероприятий по минимизации 
негативного воздействия с точки зрения их эффективности; 
• Формировать требования к оборудования и технологиям приборов и аппаратов 
очистки 
• составлять и анализировать принципиальные схемы очистки выбросов и 
сбросов",,Охрана окружающей среды
9,4,Производственный экологический контроль,20,Охрана окружающей среды
10,,"Специалист должен знать и понимать: 
 основы эксплуатации очистных установок, очистных сооружений и полигонов; 
 действующие  на  территории  РФ  методики  и  средства  измерения  уровней 
воздействия на окружающую среду по разным аспектам  
 современные  методы  и  средства  измерения  уровней  воздействия  на 
окружающую среду по разным аспектам  
методы по очистке и реабилитации загрязненных территорий",,Охрана окружающей среды
11,,"Специалист должен уметь: 
 Разрабатывать программу производственного экологического контроля 
 Провести замеры по загрязняющим веществам в атмосферном воздухе и уровней 
шума  
 Вести  учет  показателей,  характеризующих  состояние  окружающей  среды  и 
данных экологического контроля 
 доносить необходимую информацию руководству об уровнях загрязнения для 
принятия управленческих решений 
 контролировать  и  обеспечивать  эффективность  использования  безотходных, 
малоотходных технологий;",,Охрана окружающей среды
12,5,"Разработка и программирование системы мониторинга показателей объектов 
окружающей среды",10,Охрана окружающей среды
13,,"Специалист должен знать и понимать: 
  основные  законы  электротехники  для  составления  и  подключения 
простейших электрических схем; 
  основные принципы программирования средств автоматизации.",,Охрана окружающей среды
14,,"Специалист должен уметь: 
  использовать информационные технологий для решения профессиональных 
задач; 
разрабатывать программы для проведения мониторинга окружающей природной 
среды.",,Охрана окружающей среды
15,6,Обеспечение расследования и учета аварийных случаев,20,Охрана окружающей среды
16,,"Специалист должен знать и понимать: 
•  Виды возможных аварийных случаев на производстве и их последствия",,Охрана окружающей среды
17,,"Специалист должен уметь: 
• Применять методы сбора информации об обстоятельствах несчастных случаев 
на производстве  
• Анализировать информацию, делать заключения и выводы на основе оценки 
обстоятельств аварийных случаев на производстве  
• Выявлять и анализировать причины аварийных случаев на производстве и 
обосновывать необходимые мероприятия (меры) по предотвращению 
аналогичных происшествий",,Охрана окружающей среды
0,1,Организацияработы,5,Плотницкое дело(юниоры)
1,,"Специалист должен знать и понимать: 
  Законодательство в области охраны труда и техники 
безопасности, обязанности, правила и документацию; 
  Ситуации, когда необходимо использовать 
индивидуальные средства защиты; 
  Необходимость соблюдения правил техники 
безопасности при использовании и хранении 
оборудования и рабочих инструментов; 
  Необходимость соблюдения правил техники 
безопасности при использовании и хранении 
рабочего материала; 
  Значимость содержания рабочего места в чистоте; 
  Экологически безопасные методы и материалы, 
используемые для строительных  работ; 
  Значимость планирования, аккуратности и 
внимательности к деталям во время работы.",,Плотницкое дело(юниоры)
2,,"Специалист должен уметь: 
  Соблюдать правила гигиены труда и техники 
безопасности; 
  Обеспечить безопасность труда на рабочем месте; 
  Правильно определить и использовать 
соответствующие индивидуальные средства защиты, 
спецобувь, защитные наушники, защитные очки и 
пылезащитную маску; 
  Выбирать, использовать, чистить, хранить все 
ручные и механические инструменты, а также 
следовать инструкциям производителей 
используемого оборудования; 
  Безопасно использовать и хранить рабочие 
материалы; 
  Планировать рабочее место для максимизации 
эффективности труда и развития дисциплины, 
поддержания чистоты; 
  Измерять аккуратно и стараться минимизировать 
расход материалов.",,Плотницкое дело(юниоры)
3,,"Специалист должен знать и понимать: 
•  Невербальную коммуникацию при помощи чертежей и 
спецификаций; 
•  Роль и требования архитекторов, а также представителей 
других профессий, работающих в данной сфере, и наиболее 
эффективные способы коммуникации с ними.",,Плотницкое дело(юниоры)
4,,"Специалист должен уметь: 
•  Определять необходимые параметры и количества материала; 
•  Положительно реагировать на комментарии и замечания 
коллег, руководителей и заказчиков и действовать 
соответствующим образом.",,Плотницкое дело(юниоры)
5,3,Умение преодолевать трудности и креативность,10,Плотницкое дело(юниоры)
6,,"Специалист должен знать и понимать: 
•  Общие типы проблем, которые могут возникнуть в процессе 
работы, например, дефекты  древесины; 
•  Методы, позволяющие определить тип проблемы; 
•  Тенденции и новые разработки в данной отрасли, например, 
эффективность энергоиспользования.",,Плотницкое дело(юниоры)
7,,"Специалист должен уметь: 
•  Регулярно проверять свою работу на соответствие стандартам 
и аккуратность исполнения; 
•  Оперативно определить и понять проблемы, разработать 
процесс их решения; 
•  Проверять недостоверную информацию для предотвращения 
проблем; 
•  Следить за изменениями и нововведениями в отрасли.",,Плотницкое дело(юниоры)
8,4,Чтение и интерпретация чертежей и инструкций,10,Плотницкое дело(юниоры)
9,,"Специалист должен знать и понимать: 
•  Взаимосвязь между составляющими проекта; 
•  Как трактовать изображения и проекции; 
•  Геометрию, тригонометрию и триангуляцию; 
•  Математические модели и процесс решения задач; 
•  Пределы допустимых отклонений в процессе работы над 
проектами и выполнения заданий.",,Плотницкое дело(юниоры)
10,,"Специалист должен уметь: 
•  Точно интерпретировать изображения и проекции: 
ортогональные, вспомогательные и перспективные проекции, 
3D изображения и детальные чертежи; 
•  Определить по чертежам, каким образом элементы соединены 
друг с другом;",,Плотницкое дело(юниоры)
11,,"Специалист должен знать и понимать: 
•  Необходимость «продумать» все детали проекта до того, как 
приступить к работе; 
•  Возможные последствия для бизнеса/предприятия в случае 
ошибок в измерениях; 
•  Расчеты, необходимые для осуществления измерений и 
проверки работы; 
•  Различные виды соединений: соединение на прямой сквозной 
шип, несквозное шиповое соединение, «ласточкин хвост», 
шпунтовое соединение,соединение внакладку, вертикальный 
рез, горизонтальный рез и др.",,Плотницкое дело(юниоры)
12,,"Специалист должен уметь: 
•  Представлять и продумывать работу заранее, определять и 
предотвращать потенциальные  трудности; 
•  Делать расчеты и измерения точно и аккуратно; 
•  Заранее определить, какие параметры необходимо измерить, 
какие углы, соединения и детали будут необходимы; 
•  Использовать геометрический подход для определения 
сложных углов, соединений и пересечений; 
•  Выполнять стандартные виды соединений: соединение на 
прямой сквозной шип, несквозное шиповое соединение, 
«ласточкин хвост», шпунтовое соединение, соединение 
внакладку, вертикальный рез, горизонтальный рез и др.; 
•  Отметить все детали и узлы; 
•  Аккуратно перенести маркировку, замеры и углы на рабочий 
материал (древесину); 
•  Делать замеры непосредственно на древесине, если это 
возможно; 
•  Установить соединения, используя вспомогательные 
измерительные приборы; 
•  Определить молдинги, бордюры и др.; 
•  Четко обозначить «отходы».",,Плотницкое дело(юниоры)
13,6,Выполнение соединений и подготовка деталей для сборки,20,Плотницкое дело(юниоры)
14,,"Специалист должен знать и понимать: 
•  Тип материала: дерево, метал и пластик; 
•  Свойства древесины, а также и других материалов, 
изготовленных на основе дерева;",,Плотницкое дело(юниоры)
15,7,Сборка и крепеж всех элементов структуры (установка),20,Плотницкое дело(юниоры)
16,,"Специалист должен знать и понимать: 
•  Как эффективно использовать отверстия для крепежа.",,Плотницкое дело(юниоры)
17,,"Специалист должен уметь: 
•  Аккуратно установить соединения при помощи гвоздей и 
шурупов; 
•  Использовать другие виды крепежа, такие как: болты, диски, 
скобы, шарниры и шпонки.",,Плотницкое дело(юниоры)
18,8,Финишная обработка,20,Плотницкое дело(юниоры)
19,,"Специалист должен знать и понимать: 
•  Значимость выполнения финишной обработки согласно 
спецификации.",,Плотницкое дело(юниоры)
20,,"Специалист должен уметь: 
•  Устанавливать соединения без зазоров; 
•  Устанавливать изделия очень аккуратно; 
•  Аккуратно обработать торцевую сторону деталей (отсутствие 
выступов и зазубрин); 
•  Аккуратно установить крепеж; 
•  Демонстрировать работу с минимальным количеством 
карандашной разметки, пятен и прочих недоделок; 
•  Организовать безопасную утилизацию и переработку 
отходных материалов.",,Плотницкое дело(юниоры)
21,,Всего,100,Плотницкое дело(юниоры)
0,1,Организацияработы,5,Плотницкое дело
1,,"Специалист должен знать и понимать: 
  Законодательство в области охраны труда и техники 
безопасности, обязанности, правила и документацию; 
  Ситуации, когда необходимо использовать 
индивидуальные средства защиты; 
  Необходимость соблюдения правил техники 
безопасности при использовании и хранении 
оборудования и рабочих инструментов; 
  Необходимость соблюдения правил техники 
безопасности при использовании и хранении 
рабочего материала; 
  Значимость содержания рабочего места в чистоте; 
  Экологически безопасные методы и материалы, 
используемые для строительных  работ; 
  Значимость планирования, аккуратности и 
внимательности к деталям во время работы.",,Плотницкое дело
2,,"Специалист должен уметь: 
  Соблюдать правила гигиены труда и техники 
безопасности; 
  Обеспечить безопасность труда на рабочем месте; 
  Правильно определить и использовать 
соответствующие индивидуальные средства защиты, 
спецобувь, защитные наушники, защитные очки и 
пылезащитную маску; 
  Выбирать, использовать, чистить, хранить все 
ручные и механические инструменты, а также 
следовать инструкциям производителей 
используемого оборудования; 
  Безопасно использовать и хранить рабочие 
материалы; 
  Планировать рабочее место для максимизации 
эффективности труда и развития дисциплины, 
поддержания чистоты; 
  Измерять аккуратно и стараться минимизировать 
расход материалов.",,Плотницкое дело
3,,"Специалист должен знать и понимать: 
•  Невербальную коммуникацию при помощи чертежей и 
спецификаций; 
•  Роль и требования архитекторов, а также представителей 
других профессий, работающих в данной сфере, и наиболее 
эффективные способы коммуникации с ними.",,Плотницкое дело
4,,"Специалист должен уметь: 
•  Определять необходимые параметры и количества материала; 
•  Положительно реагировать на комментарии и замечания 
коллег, руководителей и заказчиков и действовать 
соответствующим образом.",,Плотницкое дело
5,3,Умение преодолевать трудности и креативность,10,Плотницкое дело
6,,"Специалист должен знать и понимать: 
•  Общие типы проблем, которые могут возникнуть в процессе 
работы, например, дефекты  древесины; 
•  Методы, позволяющие определить тип проблемы; 
•  Тенденции и новые разработки в данной отрасли, например, 
эффективность энергоиспользования.",,Плотницкое дело
7,,"Специалист должен уметь: 
•  Регулярно проверять свою работу на соответствие стандартам 
и аккуратность исполнения; 
•  Оперативно определить и понять проблемы, разработать 
процесс их решения; 
•  Проверять недостоверную информацию для предотвращения 
проблем; 
•  Следить за изменениями и нововведениями в отрасли.",,Плотницкое дело
8,4,Чтение и интерпретация чертежей и инструкций,10,Плотницкое дело
9,,"Специалист должен знать и понимать: 
•  Взаимосвязь между составляющими проекта; 
•  Как трактовать изображения и проекции; 
•  Геометрию, тригонометрию и триангуляцию; 
•  Математические модели и процесс решения задач; 
•  Пределы допустимых отклонений в процессе работы над 
проектами и выполнения заданий.",,Плотницкое дело
10,,"Специалист должен уметь: 
•  Точно интерпретировать изображения и проекции: 
ортогональные, вспомогательные и перспективные проекции, 
3D изображения и детальные чертежи; 
•  Определить по чертежам, каким образом элементы соединены 
друг с другом;",,Плотницкое дело
11,,"Специалист должен знать и понимать: 
•  Необходимость «продумать» все детали проекта до того, как 
приступить к работе; 
•  Возможные последствия для бизнеса/предприятия в случае 
ошибок в измерениях; 
•  Расчеты, необходимые для осуществления измерений и 
проверки работы; 
•  Различные виды соединений: соединение на прямой сквозной 
шип, несквозное шиповое соединение, «ласточкин хвост», 
шпунтовое соединение,соединение внакладку, вертикальный 
рез, горизонтальный рез и др.",,Плотницкое дело
12,,"Специалист должен уметь: 
•  Представлять и продумывать работу заранее, определять и 
предотвращать потенциальные  трудности; 
•  Делать расчеты и измерения точно и аккуратно; 
•  Заранее определить, какие параметры необходимо измерить, 
какие углы, соединения и детали будут необходимы; 
•  Использовать геометрический подход для определения 
сложных углов, соединений и пересечений; 
•  Выполнять стандартные виды соединений: соединение на 
прямой сквозной шип, несквозное шиповое соединение, 
«ласточкин хвост», шпунтовое соединение, соединение 
внакладку, вертикальный рез, горизонтальный рез и др.; 
•  Отметить все детали и узлы; 
•  Аккуратно перенести маркировку, замеры и углы на рабочий 
материал (древесину); 
•  Делать замеры непосредственно на древесине, если это 
возможно; 
•  Установить соединения, используя вспомогательные 
измерительные приборы; 
•  Определить молдинги, бордюры и др.; 
•  Четко обозначить «отходы».",,Плотницкое дело
13,6,Выполнение соединений и подготовка деталей для сборки,20,Плотницкое дело
14,,"Специалист должен знать и понимать: 
•  Тип материала: дерево, метал и пластик; 
•  Свойства древесины, а также и других материалов, 
изготовленных на основе дерева;",,Плотницкое дело
15,7,Сборка и крепеж всех элементов структуры (установка),20,Плотницкое дело
16,,"Специалист должен знать и понимать: 
•  Как эффективно использовать отверстия для крепежа.",,Плотницкое дело
17,,"Специалист должен уметь: 
•  Аккуратно установить соединения при помощи гвоздей и 
шурупов; 
•  Использовать другие виды крепежа, такие как: болты, диски, 
скобы, шарниры и шпонки.",,Плотницкое дело
18,8,Финишная обработка,20,Плотницкое дело
19,,"Специалист должен знать и понимать: 
•  Значимость выполнения финишной обработки согласно 
спецификации.",,Плотницкое дело
20,,"Специалист должен уметь: 
•  Устанавливать соединения без зазоров; 
•  Устанавливать изделия очень аккуратно; 
•  Аккуратно обработать торцевую сторону деталей (отсутствие 
выступов и зазубрин); 
•  Аккуратно установить крепеж; 
•  Демонстрировать работу с минимальным количеством 
карандашной разметки, пятен и прочих недоделок; 
•  Организовать безопасную утилизацию и переработку 
отходных материалов.",,Плотницкое дело
21,,Всего,100,Плотницкое дело
0,1,Организация работы,10,Преподавание музыки в школе
1,,"Участник должен знать и понимать: 
- регламентирующие документы и технику безопасности; 
- основные принципы работы с электрооборудованием; 
- педагогические, гигиенические, специальные требования к созданию 
учебного пространства; 
- принципы организации рабочего времени; 
- оптимальное использование учебного пространства; 
- важность управления собственным профессиональным развитием.",,Преподавание музыки в школе
2,,"Участник должен уметь: 
- следовать предписаниям регламентирующих документов и техники 
безопасности; 
- использовать предложенное электрооборудование; 
- планировать свою работу согласно педагогическим, гигиеническим, 
специальным требованиям к созданию учебного пространства; 
- планировать свою работу в соответствии с принципами организации 
рабочего времени; 
- максимально эффективно использовать учебное пространство; 
- анализировать и совершенствовать  собственную деятельность с учётом",,Преподавание музыки в школе
3,,"Специалист должен знать и понимать: 
- теоретические  и практические принципы методической деятельности в 
области музыкального образования детей в общеобразовательных 
организациях; 
- методические принципы музыкального образования детей в 
общеобразовательных организациях; 
- особенности современных подходов и педагогических технологий 
музыкального образования; 
- основы подготовки к публичному выступлению, отчету, 
реферированию, конспектированию.",,Преподавание музыки в школе
4,,"Специалист должен уметь: 
- планировать собственную деятельность; 
- организовывать и проводить учебные занятия; 
- анализировать учебные занятия; 
- вести документацию; 
- определять цели и задачи, планировать музыкальные занятия  
обучающихся в общеобразовательных организациях.",,Преподавание музыки в школе
5,3,Организация исполнительской деятельности и управление,30,Преподавание музыки в школе
6,,"Специалист должен знать и понимать: 
- элементы боди-перкуссии, хореографии; 
- основы вокальной, хоровой, инструментальной  деятельности; 
- основы работы по организации исполнительской деятельности детского 
состава исполнителей.",,Преподавание музыки в школе
7,,"Специалист должен уметь: 
- включать элементы боди-перкуссии, хореографии в исполнительскую 
деятельность; 
- исполнять музыкально-педагогический репертуар; 
- на профессиональном уровне управлять детским составом 
исполнителей.",,Преподавание музыки в школе
8,4,Цифровизация музыкально-педагогической деятельности,20,Преподавание музыки в школе
9,,"Специалист должен знать и понимать: 
- специальные компьютерные программы для создания мультимедиа 
продукта, их возможности; 
- специальные компьютерные музыкальные программы, их возможности; 
- основы преобразования звука в цифровой формат;  
- основные форматы записи и воспроизведения музыки;  
-современные  профессиональные  музыкальные  программы, 
использующиеся в звукозаписи и композиции; 
- основы работы со звуковыми файлами и MIDI-файлами.",,Преподавание музыки в школе
10,,"Специалист должен уметь: 
- создавать мультимедиа продукт; 
- производить запись и воспроизведение звуковых файлов; 
-работать  с  программами  –  аудиоредакторами  (вырезать  фрагменты 
аудиофайла, редактировать темп и уровень звучания; составлять звуковые 
коллажи; панорамировать); 
-  работать  с  видео  редакторами  для  создания  видеоряда  (вырезать 
фрагменты видео файла, составлять видео коллажи, соотносить аудио ряд",,Преподавание музыки в школе
11,,"Специалист должен знать и понимать: 
- способы обобщения, представления и распространения педагогического 
опыта; 
- важность построения и поддержания продуктивного взаимодействия в 
рамках образовательного процесса; 
- принципы взаимодействия с аудиторией; 
- способы разрешения конфликтных ситуаций.",,Преподавание музыки в школе
12,,"Специалист должен уметь: 
- применять, обобщать и распространять педагогический опыт 
посредством коммуникационных систем; 
- выстраивать продуктивное взаимодействие в рамках образовательного 
процесса; 
- взаимодействовать с аудиторией; 
- результативно действовать в нестандартных (конфликтных) ситуациях.",,Преподавание музыки в школе
13,,Всего,100,Преподавание музыки в школе
0,,Необходимо знать и понимать:,,Производственная сборка изделий авиационной техники
1,,•  важность установления и поддержания уверенности,,Производственная сборка изделий авиационной техники
2,,и доверия со стороны заказчика;,,Производственная сборка изделий авиационной техники
3,,•  назначение и требования смежных профессий;,,Производственная сборка изделий авиационной техники
4,,•  значение  построения  и  поддержки  продуктивных,,Производственная сборка изделий авиационной техники
5,,рабочих отношений;,,Производственная сборка изделий авиационной техники
6,,•  важность наличия/развития приемлемых в отрасли,,Производственная сборка изделий авиационной техники
7,,"установок, расположенности и способностей:",,Производственная сборка изделий авиационной техники
8,,•  методы эффективной работы в команде;,,Производственная сборка изделий авиационной техники
9,,•  важность  оперативного  разрешения,,Производственная сборка изделий авиационной техники
10,,недопонимания и конфликтных ситуаций.,,Производственная сборка изделий авиационной техники
11,,Исполнитель должен уметь:,,Производственная сборка изделий авиационной техники
12,,•  понимать  требования  заказчика  и  обеспечивать,,Производственная сборка изделий авиационной техники
13,,реализацию его ожиданий;,,Производственная сборка изделий авиационной техники
14,,"•  выдавать  рекомендации,  соответствующие  /",,Производственная сборка изделий авиационной техники
15,,превышающие требования и бюджет заказчика;,,Производственная сборка изделий авиационной техники
16,,•  выполнять  для  заказчика  оценку  расходов  и,,Производственная сборка изделий авиационной техники
17,,необходимого времени;,,Производственная сборка изделий авиационной техники
18,,"•  вносить  позитивный  вклад  в  командную  работу,",,Производственная сборка изделий авиационной техники
19,,например в целях поддержания уровня безопасности;,,Производственная сборка изделий авиационной техники
20,,•  инициировать  дискуссии  по  изучению  различных,,Производственная сборка изделий авиационной техники
21,,"вопросов, например для решения технических проблем;",,Производственная сборка изделий авиационной техники
22,,•  регулярно  сообщать  коллегам  новейшую,,Производственная сборка изделий авиационной техники
23,,информацию  о  планируемых  работах  по  техническому,,Производственная сборка изделий авиационной техники
24,,"обслуживанию  и  обсуждать  графики,  чтобы  свести  к",,Производственная сборка изделий авиационной техники
25,,минимуму  отрицательное  влияние  на,,Производственная сборка изделий авиационной техники
26,,производительность труда;,,Производственная сборка изделий авиационной техники
27,,•  позитивно и конструктивно реагировать на отзывы,,Производственная сборка изделий авиационной техники
28,,о собственной работе;,,Производственная сборка изделий авиационной техники
29,,"•  знать  потребности  поддерживающих  организаций,",,Производственная сборка изделий авиационной техники
30,,например  поставщиков  логистических  услуг  и,,Производственная сборка изделий авиационной техники
31,,технического отдела.,,Производственная сборка изделий авиационной техники
32,,"РЕШЕНИЕ ПРОБЛЕМ, ИННОВАЦИОННОСТЬ И",,Производственная сборка изделий авиационной техники
33,,КРЕАТИВНОСТЬ,,Производственная сборка изделий авиационной техники
34,,Необходимо знать и понимать:,,Производственная сборка изделий авиационной техники
35,,"•  общие типы проблем, которые могут возникнуть в",,Производственная сборка изделий авиационной техники
36,,ходе рабочего процесса;,,Производственная сборка изделий авиационной техники
37,,"поставленного  изготовителем,  в  новейшей  версии  /",,Производственная сборка изделий авиационной техники
38,,процессов  решения  отраслевых  проблем  в  целях,,Производственная сборка изделий авиационной техники
39,,гарантированного  соответствия  стандартам  летной,,Производственная сборка изделий авиационной техники
40,,годности;,,Производственная сборка изделий авиационной техники
41,,"•  тенденции  и  направления  развития  в  отрасли,",,Производственная сборка изделий авиационной техники
42,,"включая новые материалы, методы и технологии.",,Производственная сборка изделий авиационной техники
43,,Исполнитель должен уметь:,,Производственная сборка изделий авиационной техники
44,,•  регулярно  контролировать  рабочий  процесс  для,,Производственная сборка изделий авиационной техники
45,,минимизации проблем на заключительной стадии;,,Производственная сборка изделий авиационной техники
46,,•  запрашивать  информацию  об  отклонениях  для,,Производственная сборка изделий авиационной техники
47,,предотвращения проблем;,,Производственная сборка изделий авиационной техники
48,,•  быстро  выявлять  и  понимать  проблемы  и,,Производственная сборка изделий авиационной техники
49,,"самостоятельно  решать  их,  руководствуясь",,Производственная сборка изделий авиационной техники
50,,требованиями  новейшей  редакции  руководства,,Производственная сборка изделий авиационной техники
51,,производителя;,,Производственная сборка изделий авиационной техники
52,,•  использовать потенциал новых технологий;,,Производственная сборка изделий авиационной техники
53,,•  понимать  и  применять  процедуры  технического,,Производственная сборка изделий авиационной техники
54,,обслуживания;,,Производственная сборка изделий авиационной техники
55,,•  обсуждать диагностику неисправностей с пилотами,,Производственная сборка изделий авиационной техники
56,,для выявления первопричин технических проблем,,Производственная сборка изделий авиационной техники
57,,•  проявлять  настойчивость  при  решении  сложных,,Производственная сборка изделий авиационной техники
58,,проблем;,,Производственная сборка изделий авиационной техники
59,,"•  использовать  возможности  по  реализации  идей,",,Производственная сборка изделий авиационной техники
60,,направленных  на  улучшение  конечного  продукта  и,,Производственная сборка изделий авиационной техники
61,,повышение  общего  уровня  удовлетворенности,,Производственная сборка изделий авиационной техники
62,,заказчика;,,Производственная сборка изделий авиационной техники
63,,•  сообщать о возникающих идеях руководству;,,Производственная сборка изделий авиационной техники
64,,•  демонстрировать  желание  испытывать  новые,,Производственная сборка изделий авиационной техники
65,,методы и воспринимать перемены.,,Производственная сборка изделий авиационной техники
66,4,ПОЗИЦИОНИРОВАНИЕ ДЕТАЛЕЙ,20,Производственная сборка изделий авиационной техники
67,,"Специалист должен знать и понимать: 
 виды нормативно-технической и производственной 
документации; правила чтения технической 
технологические процессы сборки и разборки узлов и 
агрегатов летательных аппаратов; 
 основные сведения о конструкции собираемых узлов и 
агрегатов, о техническом черчении, допусках, посадках, 
параметрах обработки поверхностей;  
виды и причины брака при выполнении слесарно-
сборочных работ;  
назначение и правила пользования применяемым 
простым механизированным оборудованием, оснасткой,",,Производственная сборка изделий авиационной техники
68,5,СНЯТИЕ РАЗМЕРОВ С ТРЕХМЕРНОЙ МОДЕЛИ,10,Производственная сборка изделий авиационной техники
69,,Специалист должен знать и понимать:,,Производственная сборка изделий авиационной техники
70,,• Программы для настройки параметров компьютерной,,Производственная сборка изделий авиационной техники
71,,программы,,Производственная сборка изделий авиационной техники
72,,"• Операционные системы компьютера, предназначенные",,Производственная сборка изделий авиационной техники
73,,для использования и управления компьютерными,,Производственная сборка изделий авиационной техники
74,,программами и файлами,,Производственная сборка изделий авиационной техники
75,,• Механические системы и их технические возможности,,Производственная сборка изделий авиационной техники
76,,• Принципы разработки чертежей,,Производственная сборка изделий авиационной техники
77,,• Как собирать сборочные единицы,,Производственная сборка изделий авиационной техники
78,,• Как создать фоторелистичное изображение,,Производственная сборка изделий авиационной техники
79,,,,Производственная сборка изделий авиационной техники
80,,Специалист должен уметь:,,Производственная сборка изделий авиационной техники
81,,"• Моделировать компоненты, оптимизируя",,Производственная сборка изделий авиационной техники
82,,моделирование сплошных тел композицией,,Производственная сборка изделий авиационной техники
83,,элементарных объектов,,Производственная сборка изделий авиационной техники
84,,• Создавать параметрические  электронные модели,,Производственная сборка изделий авиационной техники
85,,• Назначать характеристики конкретным материалам,,Производственная сборка изделий авиационной техники
86,,(плотность),,Производственная сборка изделий авиационной техники
87,,• Создавать сборки из деталей трёхмерных моделей,,Производственная сборка изделий авиационной техники
88,,• Создавать сборки конструкций (сборочные единицы),,Производственная сборка изделий авиационной техники
89,,• Получать доступ к информации из файлов данных,,Производственная сборка изделий авиационной техники
90,,• Моделировать и собирать основные сбоочные единицы,,Производственная сборка изделий авиационной техники
91,,главной сборки,,Производственная сборка изделий авиационной техники
92,,• Рассчитывать примерное значение всех недостающих,,Производственная сборка изделий авиационной техники
93,,размеров,,Производственная сборка изделий авиационной техники
94,,,,Производственная сборка изделий авиационной техники
95,,,,Производственная сборка изделий авиационной техники
96,6,ПРЕДВАРИТЕЛЬНАЯ СБОРКА ИЗДЕЛИЯ,35,Производственная сборка изделий авиационной техники
97,7,ОКОНЧАТЕЛЬНАЯ СБОРКА ИЗДЕЛИЙ,20,Производственная сборка изделий авиационной техники
98,,"Специалист должен знать и понимать: 
•  виды заклепочных соединений и способы их 
выполнения;  
•  правила выбора типа, диаметра и длины заклепок 
в зависимости от склепываемых деталей;  
•  процесс герметической клепки и сборки 
авиационных узлов и изделий;  
•  свойства основных авиационных материалов, 
применяемых при клепке;  
•  основные сведения об автоматике и работе 
клепального оборудования в режиме ручного 
управления;  
•  технологический процесс клепки плоских панелей 
и узлов авиационных изделий;  
•  виды заклепочных соединений и способы их 
выполнения; устройство приспособлений, 
применяемых при клепке;  
•  методы контроля качества клепки;  
•  основные методы предупреждения коррозии; 
•  правила настройки и регулирования контрольно-
измерительного инструмента и приборов;  
•  конструкцию отдельных узлов и агрегатов 
авиационного изделия.",,Производственная сборка изделий авиационной техники
0,1,Организация и управление работой,5,Производство металлоконструкций
1,,"Специалист должен знать и понимать: 
•  Стандарты и инструкции, касающиеся здоровья, 
безопасности, защиты и гигиены в области 
механосборочных работ 
•  Меры предосторожности и методы работы с ручным 
инструментом 
•  Меры предосторожности для безопасного 
использования, управления и настройки механического 
оборудования и оборудования для термической резки 
•  Безопасное использование, управление и настройку 
механического и ручного листогибочного станка 
•  Требования и возможности для управления 
природопользованием и устойчивость в 
промышленности 
•  Выбор, использование и содержание средств 
индивидуальной защиты, применяемых в отрасли",,Производство металлоконструкций
2,,"Специалист должен уметь: 
•  При работе обеспечить безопасность себе и другим 
•  Поддерживать безопасность и чистоту на рабочем 
месте 
•  Аккуратно пользоваться ручным и 
электроинструментом 
•  Аккуратно применять и настраивать оборудование 
термической, огневой и ножничной резки",,Производство металлоконструкций
3,,"Специалист должен знать и понимать: 
•  Роли и требования клиентов, архитекторов, и 
связанных отраслей, а также самые эффективные 
методы коммуникации 
•  Наставления от клиентов, архитекторов и прорабов 
•  Невербальное общение, например, чертежи, пособия и 
т.д. 
•  Важность эффективной командной работы",,Производство металлоконструкций
4,,"Специалист должен уметь: 
•  Понимать и выполнять задания клиента 
•  Выяснять все непонятные моменты на чертежах, 
задавая вопросы по существу 
•  Читать и понимать все необходимые инструкции, 
чертежи, пособия и т.д. для достижения хороших 
результатов работы 
•  Осуществлять эффективную работу как участник 
команды",,Производство металлоконструкций
5,3,Технологии разметки,10,Производство металлоконструкций
6,,"Специалист должен знать и понимать: 
•  Ортогональную проекцию по первому и по третьему 
углу 
•  Чертёжные и графические обозначения, используемые 
на конструкторской документации 
•  Математическое вычисление и перевод единиц 
•  Геометрические методы разработки и применения 
•  Выбор, использование, и обслуживание контрольно-
измерительного оборудования 
•  Различие между спецификацией резки и перечнем 
материалов 
•  Техники разработки «развёртки» 
•  Тип узловых соединений конструкций 
•  Методы истолкования и применения информации и 
инструкций для производства",,Производство металлоконструкций
7,4,Технологии резки,10,Производство металлоконструкций
8,,"Специалист должен знать и понимать: 
•  Выбор, использование, и обслуживание применяемого 
механического оборудования, например, ножниц, 
угловых ножниц, гильотинных ножниц, пил и 
точильных станков 
•  Процессы резки/точения материалов по приведённым 
допускам 
•  Выбор и использование оборудования термической 
резки, включая отрезные круги, шаблоны для резки и 
дисковые ножи 
•  Технологии штамповки, зенкования, прорезания 
круговых пазов, сверления, нарезания резьбы и 
расточка отверстий в различных металлах, в том числе 
в цветных металлах",,Производство металлоконструкций
9,,"Специалист должен уметь: 
•  Пользоваться электроинструментом и механическими 
методами для резки материалов по приведённым 
допускам 
•  Применять оборудование термической резки для резки 
низкоуглеродистой стали при помощи ручных 
отрезных кругов, проверочных линеек, дисковых 
ножей и шаблонов для резки 
•  Пользоваться ручным и электроинструментом для 
резки, штамповки, сверления, зенкования, нарезания 
резьбы, и расточки отверстий в различных металлах",,Производство металлоконструкций
10,,"Специалист должен уметь: 
•  Пользоваться ручной или механической машиной для 
холоднокатаного металла 
•  Настраивать и пользоваться кислородно-ацетиленовым 
оборудованием для горячекатаных пластин и заготовок 
•  Сгибать низкоуглеродистые стали при помощи станка 
для гибки полосового материала 
•  Пользоваться ручным или механическим 
фрикционным прессом или фальцевальной машиной 
для формовки низкоуглеродистых сталей, 
нержавеющих сталей, алюминия и его сплавов 
•  Пользоваться протяжными и пирамидальными 
роликами для производства необходимых форм 
•  Пользоваться механическим фрикционным прессом 
или фальцевальной машиной для сгибания под любым 
углом",,Производство металлоконструкций
11,6,Методы сборки и окончательной обработки,35,Производство металлоконструкций
12,,"Специалист должен знать и понимать: 
•  Методы сборки и символы, применяемые в 
конструкторской документации и проектных 
описаниях 
•  Ручной и электроинструмент, применяемый для сборки 
•  Типы, выбор и работу петель и запорных механизмов 
общего назначения 
•  Механический крепёж, применяемый при 
механосборочных работах, включая заклёпки, гайки и 
болты, стопорные и плоские шайбы, винты, 
машиностроительный крепёж производителя",,Производство металлоконструкций
13,7,Технологии сварки и соединения,20,Производство металлоконструкций
14,,"Специалист должен знать и понимать: 
•  Выбор и применение процессов сварки, включая 
дуговую сварку металлическим электродом вручную 
(111), дуговую сварку металлическим электродом в 
газовой среде (135), дуговую сварку вольфрамовым 
электродом в газовой среде (141) 
•  Имеющееся сварочное оборудование, его выбор и 
хранение 
•  Полярности, принятые для сварочных процессов 
•  Технологии подготовки до сварки 
•  Неисправности и их устранение при сварке",,Производство металлоконструкций
15,,"Специалист должен уметь: 
•  Выбирать, настраивать и применять оборудование для 
дуговой сварки металлическим электродом вручную 
для создания сварных стыков на стали 
•  Выбирать, настраивать и применять оборудование для 
дуговой сварки вручную для создания стыков на 
низкоуглеродистой стали и нержавеющей стали",,Производство металлоконструкций
0,1,Техника безопасности,5,Промышленный дизайн 
1,,"Специалист должен знать и понимать: 
•  технику безопасности при работе с материалами; 
•  инструкции по технике безопасности.",,Промышленный дизайн 
2,,"Специалист должен уметь: 
•  соблюдать правила по охране труда 
•  соблюдать технику безопасности; 
•  организовать рабочее время; 
•  соблюдать порядок на рабочем месте; 
•  рационально и экономно использовать 
предоставленные материалы.",,Промышленный дизайн 
3,2,Коммуникативные навыки,15,Промышленный дизайн 
4,,"Специалист должен знать и понимать: 
•  принципы  работы  с  клиентом  и  как  учитывать  его 
потребности при разработке дизайна;  
•  различные  целевые  рынки  и  элементы  дизайна, 
удовлетворяющие каждое направление рынка; 
•  средства убеждения заказчика  
•  структура построения  эффективной презентации. 
•  способы воздействия на зрителя. 
•  структуру документации WorldSkills Russia; 
•  регламент WorldSkills Russia;",,Промышленный дизайн 
5,,"Специалист должен уметь: 
•  работать с клиентом; 
•  понимать поставленные задачи; 
•  выгодно подчеркнуть положительные свойства 
своего проекта 
•  четко  формулировать  и  защищать  свое  проектное 
решение; 
•  грамотно презентовать свой проект; 
•  культура речи; 
•  четко формулировать мысли; 
•  выстраивать структуру доклада; 
•  выдерживать тайминг; 
•  представить проект с выгодной стороны; 
•  убедить в преимуществах предлагаемого решения; 
•  развернуто ответить на вопросы; 
•  держать аудиторию во время презентации; 
•  заинтересовать в своем проекте; 
•  адекватно реагировать на раздражающие факторы.",,Промышленный дизайн 
6,,"Специалист должен знать и понимать: 
•",,Промышленный дизайн 
7,,"Специалист должен уметь: 
•   
•",,Промышленный дизайн 
8,4,Навыки концептуального проектирования,20,Промышленный дизайн 
9,,"Специалист должен знать и понимать: 
•  колористику; 
•  свойства изобразительных материалов. 
•  законы композиции; 
•  колористику; 
•  типографику 
•  особенности темпоритмики 
•  принципы дизайна; 
•  принципы  разработки  концепции  и  отдельных 
элементов дизайн-проекта; 
•  технические стандарты; 
•  свойства современных материалов; 
•  современные  тренды  в  материалах  и 
формообразовании; 
•  целесообразосообразность в применении материалов; 
•  принципы коррективной эргономики; 
•  технологии и технологические процессы; 
•  влияние  особенностей  технологии  на  внешний  вид 
объекта; 
•  влияние материалов и конструкции на массу объекта",,Промышленный дизайн 
10,,"Специалист должен уметь: 
•  выполнить эскиз проекта, раскрывающий его суть;  
•  выполнить поиск цветофактурного решения; 
•  грамотно сбалансировать композицию; 
•  изобразить любую форму и материал; 
•  создавать яркие и выразительные эскизы; 
•  донести информацию до зрителя; 
•  показать цветовую схему проекта; 
•  показать общее строение (компоновку) объекта; 
•  выбрать информационно и художественно выгодный 
ракурс для рендера.",,Промышленный дизайн 
11,,"Специалист должен уметь: 
•  создавать 3д-модель; 
•  текстурировать  модель  согласно  проектному 
решению;",,Промышленный дизайн 
12,,"Специалист должен знать и понимать: 
•  способы и виды прототипирования; 
•  свойства материалов для скульптурирования; 
•  виды клеевых соединений; 
•  влияние  этапа  прототипирования  на  формирование 
продукта",,Промышленный дизайн 
13,,"Специалист должен уметь: 
•  использовать прототип как инструмент",,Промышленный дизайн 
0,1,"Название раздела: ""Защита в ЧС"" (ФГОС СПО 20.02.02)",40,Спасательные работы
1,,,,Спасательные работы
2,,"Специалист должен знать: 
  основы научной, философской и религиозной картин мира; 
об условиях формирования личности, свободе и ответственности 
за  сохранение  жизни,  культуры,  окружающей  среды;  о 
социальных  и  этических  проблемах,  связанных  с  развитием  и 
использованием достижений науки, техники и технологий. 
  лексический (1200 - 1400 лексических единиц) и грамматический 
минимум,  необходимый  для  чтения  и  перевода  (со  словарем) 
иностранных текстов профессиональной направленности.  
  виды нормативно-технической и производственной документации; 
    правила  чтения  конструкторской  и  технологической 
документации;  способы  графического  представления  объектов, 
пространственных  образов  и  схем;  требования  государственных 
стандартов  Единой  системы  конструкторской  документации  и 
Единой  системы  технологической  документации;  правила 
выполнения  чертежей,  технических  рисунков,  эскизов  и  схем; 
технику и принципы нанесения размеров; классы точности и их 
обозначение на чертежах; типы и назначение спецификаций.",,Спасательные работы
3,,систем жизнеобеспечения личного состава аварийно-спасательных,,Спасательные работы
4,,формирований в условиях чрезвычайных ситуаций.,,Спасательные работы
5,2,"азвание раздела: ""Пожарная безопасность""",20,Спасательные работы
6,,ФГОС СПО 20.02.04),,Спасательные работы
7,,,,Спасательные работы
8,,,,Спасательные работы
9,,"Специалист должен знать: 
  виды нормативно-технической и производственной документации; 
правила  чтения  конструкторской  и  технологической 
документации;  способы  графического  представления  объектов, 
пространственных  образов  и  схем;  основы  теоретической 
механики;  виды  машин  и  механизмов,  принцип  действия, 
кинематические  и  динамические  характеристики;  типы 
соединений  деталей  и  машин;  основные  сборочные  единицы  и 
детали; характер соединения деталей и сборочных единиц; виды 
движений и преобразующие движения механизмы; виды передач, 
их устройство, назначение, преимущества и недостатки, условные 
обозначения на схемах; передаточное отношение и число; 
соединения разъемные, неразъемные, подвижные, неподвижные; 
принципы работы гидравлических машин и механизмов.",,Спасательные работы
0,1,Чертёж,5,Столярное дело
1,,"Специалист должен знать и понимать: 
  Чтение и выполнение чертежей согласно стандартам ISO   
  Понимание необходимости составления точного чертежа 
для качественной работы",,Столярное дело
2,,"Специалист должен уметь: 
  Начертить полноразмерный чертёж 1:1 (например, дверь 
или рама) 
  Чертить все необходимые типы линий: линии видимого 
контура,  выносные  и  размерные  линии,  линии 
невидимого контура и т.п  
  Чертить прямые линии однородной толщины для одного 
и того же типа линий 
  Чертить  точные,  с  правильными  пропорциями  детали 
соединений,  четко  соблюдать  места  пересечений.  Все 
скрытые детали должны быть показаны на чертеже 
  Размеры:  убедиться в точности размеров (погрешность 
до 0,5 мм) 
  При  необходимости  чертить  горизонтальные  и 
вертикальные  разрезы  каждого  компонента 
(погрешность до 1 мм) 
  Создать законченный чертеж, лишенный грязных пятен",,Столярное дело
3,,"Специалист должен знать и понимать: 
  Внутренние соединения  
  Материалы и процессы их изготовления; 
  Правила техники безопасности при работе с:  
 ручным столярным инструментом  
 электрифицированным инструментом 
 деревообрабатывающими станками  
  Необходимость  плотно  подогнанных  соединений  для 
формирования поверхности под склейку",,Столярное дело
4,,"Специалист должен уметь: 
  Создавать  аккуратные  пазы  под  шип  вручную,  с 
помощью  электрифицированного  инструмента  и 
деревообрабатывающих  станков    (например: 
электрический фрезер, долбежный станок и т.п.) 
  Создавать пазы под шип, лишенные зарубок от долота 
или стамески 
  Создавать  пазы  под  шип  правильного  размера  для 
соединения с допустимыми зазорами 
  Создавать  шипы  вручную,  с  помощью 
электрифицированного  инструмента  и  д/о  станков  
(например,  традиционная  шипорезная  пила,  японская 
пила, ленточнопильный станок) 
  Создавать шипы, параллельные и лишенные зарубок от 
пилы или стамески 
  Создавать хорошо подогнанные друг к другу соединения, 
которые можно соединить методом «плотная посадка»",,Столярное дело
5,3,Внешние  соединения,25,Столярное дело
6,,"Специалист должен знать и понимать: 
   Внешние соединения   
  Материалы и процессы их изготовления; 
  Правила техники безопасности при работе с:  
 ручным столярным инструментом  
 электрифицированным инструментом 
 деревообрабатывающими станками  
  Необходимость плотно подогнанных соединений для 
формирования поверхности под склейку",,Столярное дело
7,,"Специалист должен уметь: 
  Сформировать соединение, соответствующее чертежу 
  Сформировать законченные соединения",,Столярное дело
8,,"Специалист должен знать и понимать: 
•  Понимание того, что клиент основывает свою оценку 
проекта на внешнем виде готового столярного изделия",,Столярное дело
9,,"Специалист должен уметь: 
  Создать  столярное  изделие,  коробление  которого 
находится в пределах 1 мм 
  Создать столярное изделие, погрешность углов которого 
не превышает 1 мм 
  Создать  столярное  изделие,  детали  которого  в  местах 
сопряжений не имеют провесов 
  Создать  столярное  изделие  с  последовательностью 
гнутых форм 
  Создать  столярное  изделие  с  идеально  подогнанными 
деталями 
  Создать столярное изделие без сколов или других 
дефектов",,Столярное дело
10,5,Соответствие,5,Столярное дело
11,,"Специалист должен знать и понимать: 
  Интерпретация чертежей согласно стандартам ISO 
  Понимание того, что готовая работа должна 
соответствовать заказу клиента",,Столярное дело
12,,"Специалист должен уметь: 
  Обеспечить  точное  соответствие  готового  изделия 
чертежу 
  Обеспечить отсутствие в готовом изделии сращений или 
следов починки",,Столярное дело
13,6,Размер,20,Столярное дело
14,,"Специалист должен знать и понимать: 
  Интерпретация чертежей согласно стандартам ISO 
  Демонстрация того, что размеры очень важны, т.к. 
изделие неправильного размера не подойдёт к тому 
месту, куда оно должно быть установлено",,Столярное дело
15,,"Специалист должен уметь: 
  Создать столярное изделие, отклонения которого от 
заданных размеров не превышают 1 мм",,Столярное дело
16,7,Материал,5,Столярное дело
17,,Всего,100,Столярное дело
0,1,Организация и управление работой,10,Укладка напольных покрытий
1,,"Специалист должен знать и понимать: 
•  назначение, использование, техническое обслуживание и 
уход за всем оборудованием вместе с повреждениями, 
значимыми для его безопасности; 
•  назначение, использование, уход и потенциальные риски, 
связанные с материалами и отходами; 
•  назначение и использование технических условий 
изготовителя и чертежи; 
•  доступное и связанное с каждым родом деятельности 
время; 
•  стандарты техники безопасности и норм охраны 
здоровья, применяемые в любое время; 
•  экологические стандарты, относящиеся к работе, и 
порядок обращения с отходами и перерабатываемыми 
материалами 
•  использование новых технологий в качестве рабочей 
помощи; 
•  принципы хорошего управления бюджетом и порядок их 
применения в рабочей среде; 
•  относящиеся к работе инструменты, оборудование, 
машины и рабочие средства в соответствии с их 
областями применения, а также требования к их области 
применения и уходу.",,Укладка напольных покрытий
2,,"Специалист должен уметь: 
•  подготавливать и поддерживать безопасную, аккуратную 
и эффективную зону проведения работ; 
•  выбирать и использовать соответствующую 
индивидуальную защитную одежду во всех 
обстоятельствах; 
•  выбирать и использовать соответствующие ручные 
инструменты для безопасного завершения каждой 
работы; 
•  ответственно и экономично обращаться с материалами, 
включая вспомогательные, остаточные, 
перерабатываемые материалы и вредные вещества, а 
также утилизировать их надлежащим образом и 
способом, безопасным для окружающей среды;",,Укладка напольных покрытий
3,,"Специалист должен знать и понимать: 
•  правила и поведение для правильного обращения с 
клиентами; 
•  основные правила коммуникации; 
•  свойства напольных покрытий материалов и 
соответствующие способы настила 
•  стандарты и правила составления эскизов, чертежей и 
схем",,Укладка напольных покрытий
4,,"Специалист должен уметь: 
•  описывать свойства напольных покрытий и выбирать 
соответствующие способы укладки для них; 
•  выбирать необходимые вспомогательные материалы и 
описывать процесс укладки с учетом информации 
изготовителей, правил и специальных требований к 
помещениям, а также соответствующих стандартов; 
•  анализировать заказ и консультировать и информировать 
клиентов о подходящих типах покрытий для 
предполагаемого использования; 
•  консультировать клиентов по затратам, цене и стоимости 
вариантов; 
•  исходя из пожеланий клиентов, разрабатывать и излагать 
проектные предложения для работ по укладке покрытий;  
•  исполнять пожелания клиентов, давая пояснения, где это 
целесообразно. 
•  Документировать, проектировать и дорабатывать 
технические чертежи",,Укладка напольных покрытий
5,3,Подготовка подложек,8,Укладка напольных покрытий
6,,"Специалист должен знать и понимать: 
•  Основания их свойства и технические нормы по ним.   
•  Материалы и их свойства для подготовки подложек  для 
относящихся к работе напольных покрытий",,Укладка напольных покрытий
7,,"Специалист должен знать и понимать: 
•  свойства облицовочных материалов (пластмасс, 
текстиля, дерева, многослойных покрытий и т.д.); 
•  технологические методы (резка, пиление, прошивка и т. 
д.) и технологии настила, такие как: приклеивание, 
анкерное крепление, крепление с защелкиванием, 
плавающая установка, крепление гвоздями, крепление 
винтами, сварка и т. д. (с учетом информации 
изготовителей, правил специальных областей, а также 
соответствующих стандартов) и необходимые 
вспомогательные материалы; 
•  применимые методы испытания материала; 
•  различные типы отделок (соединения, отделка кромок, 
боковое соединение, вертикальные связи и т. д.) и их 
выбор, в зависимости от настила пола и требований к 
отделке;  
•  подходящие процедуры для устранения повреждений 
покрытия.",,Укладка напольных покрытий
8,,"Специалист должен уметь: 
•  рассчитывать потребности в материалах, а также расчеты 
разбухания и усадки; 
•  подготавливать, читать и толковать эскизы и планы 
установки; 
•  выполнять необходимые методы испытания материала; 
•  Подбирать покрытия в зависимости от заказа, и 
осуществлять их обработку вручную и с помощью 
машин с учетом специфических свойств материалов 
•  укладывать покрытия с помощью различных технологий 
укладки;  
•  ответственно и экономично обращаться с материалами, 
включая вспомогательные материалы, остаточные 
материалы, перерабатываемые материалы и вредные 
вещества; 
•  утилизировать их надлежащим образом и способом, 
безопасным для окружающей среды; 
•  Проводить разные финишные отделки  
•  приготавливать и обосновывать подходящий выбор 
отделок в зависимости от настила пола и требований к 
отделкам;",,Укладка напольных покрытий
9,,"Специалист должен знать и понимать: 
•  Варианты ухода и чистки напольных покрытий 
•  Меры по защите поверхностей, например, шлифование, 
герметизация, обработка маслом и воском, а также 
необходимые инструменты, оборудование и 
вспомогательные материалы",,Укладка напольных покрытий
10,,"Специалист должен уметь: 
•  выполнять первоначальные меры по чистке и уходу в 
соответствии с техническими требованиями; 
•  выполнять меры по защите поверхностей, например, 
шлифовка, герметизация, обработка маслом и воском;",,Укладка напольных покрытий
11,,Всего,100,Укладка напольных покрытий
0,1,Организация и управление работой,10,Холодильная техника и системы кондиционирования(юниоры)
1,,"Специалист должен знать и понимать: 
•  нормы техники безопасности и охраны труда; 
•  средства индивидуальной защиты, используемые при 
работе; 
•  как реагировать на аварийные ситуации, которые 
возникают при работе; 
•  правила обеспечения электробезопасности при работе 
в отрасли ХС И КВ (холодоснабжение и 
кондиционирование воздуха); 
•  методы безопасной работы с тепловыделяющим 
оборудованием; 
•  как безопасно работать с газовым охлаждающим и 
газовым нагревательным оборудованием; 
•  назначение, использование, техническое обслуживание 
и уход за всем оборудованием и инструментом, а также 
безопасность их применения; 
•  назначение, использование, уход и потенциальные 
риски, связанные с материалами и химическими 
веществами; 
•  требования первой помощи и требуемые действия при 
легких и тяжелых травмах; 
•  параметры, в рамках которых необходимо планировать 
работу; 
•  принципы и их применение для содержания рабочей 
зоны в должном состоянии; 
•  применение источников энергии, используемых в 
отрасли ХС И КВ; 
•  важность экономии энергии при вводе в эксплуатацию 
систем ХС И КВ; 
•  методы уменьшения количества отходов и их 
безопасной утилизации.",,Холодильная техника и системы кондиционирования(юниоры)
2,,"Специалист должен уметь: 
•  выполнять оценку рисков и разрабатывать проект 
производства работ;",,Холодильная техника и системы кондиционирования(юниоры)
3,,"Специалист должен знать и понимать: 
•  личности и рабочие функции членов строительной 
бригады и области инженерных систем;  
•  как передавать технические понятия, принятые в 
конкретной компетенции, другим работникам в 
области инженерных систем; 
•  ход работы в группе и взаимодействие с другими 
группами и командами с общей компетенцией с целью 
выполнения задачи; 
•  спектр и назначение документации, включая 
текстовую, графическую, печатную и электронную.",,Холодильная техника и системы кондиционирования(юниоры)
4,,"Специалист должен уметь: 
•  читать, понимать и находить необходимые 
технические данные и указания в руководствах и 
другой документации;",,Холодильная техника и системы кондиционирования(юниоры)
5,,"Специалист должен знать и понимать: 
•  стандартные единицы измерений, используемые в 
сфере ХС И КВ; 
•  подробные свойства применяемых в сфере ХС И КВ 
материалов и жидкостей; 
•  взаимосвязь и взаимодействие энергии, тепла и 
электрической мощности; 
•  основные принципы силы и давления и их применения 
в сфере ХС И КВ; 
•  подробные свойства жидкостей, используемых в сфере 
ХС И КВ; 
•  холодильный цикл; 
•  принципы и основные положения, используемые в 
технических условиях и чертежах; 
•  спектр применяемых технических условий и чертежей, 
а также их назначение; 
•  типы и виды применения электрокабелей и устройств 
для различных применений.",,Холодильная техника и системы кондиционирования(юниоры)
6,,"Специалист должен уметь: 
•  оценивать обоснованность размещения системы в 
указанной зоне; 
•  рассчитывать относительную плотность хладагентов 
по отношению к воздуху и воде; 
•  использовать терминологию, ассоциируемую со 
скрытой/удельной теплоемкостью и изменением 
агрегатного состояния жидкости; 
•  выполнять простые расчеты, касающиеся тепловой 
энергии и мощности, силы и давления;",,Холодильная техника и системы кондиционирования(юниоры)
7,,"Специалист должен знать и понимать: 
•  нормы техники безопасности и охраны труда, 
применимые к установке, техобслуживанию, ремонту и 
выводу из эксплуатации систем ХС И КВ; 
•  принципы работы и компоновки систем ХС И КВ; 
•  методику установки, крепления и тестирования 
материалов, оборудования и компонентов; 
•  регламент обслуживания и ремонта систем, 
оборудования и компонентов ХС и КВ.",,Холодильная техника и системы кондиционирования(юниоры)
8,,"Специалист должен уметь: 
•  понимать схемы, планы и технические условия для 
гидравлических и электрических систем; 
•  безопасно работать с газовым нагревательным 
оборудованием; 
•  составлять перечень требуемых инструментов, 
компонентов и материалов для установки; 
•  снимать и переносить размеры и углы с 
предоставленных чертежей; 
•  определять, проверять и использовать различные типы 
газов и оборудования, используемого для выполнения 
соединений в сфере ХС И КВ;",,Холодильная техника и системы кондиционирования(юниоры)
9,,"Специалист должен знать и понимать: 
•  знание основ и последовательности пусконаладочных 
и ремонтно-диагностических работ и умение их 
выполнять; 
•  технику безопасности относительно обращения с 
хладагентами;  
•  правила подачи электропитания; 
•  настройка механических, электрических и электронных 
регуляторов температуры, давления, частоты 
вращения, расхода и уровня для оптимального 
функционирования системы; 
•  как обеспечить эффективную работу системы.",,Холодильная техника и системы кондиционирования(юниоры)
10,,"Специалист должен уметь: 
•  выполнять заправку системы правильным типом и 
необходимым количеством хладагента для 
эффективной работы (без утечки хладагента в 
окружающую среду); 
•  выполнять осмотр системы на предмет утечки после 
ввода в эксплуатацию, используя прямые или 
непрямые методы измерений; 
•  оценивать правильность работы системы;",,Холодильная техника и системы кондиционирования(юниоры)
11,,"Специалист должен знать и понимать: 
•  электрические стандарты, применимые в сфере ХС И 
КВ; 
•  требования к проверке и тестированию электрического 
оборудования; 
•  процедуры безопасного диагностирования и 
устранения неисправностей электрического 
оборудования; 
•  процедуры безопасного отключения определенных 
систем; 
•  важность сохранения оригинальной конструкции и 
эксплуатационных параметров.",,Холодильная техника и системы кондиционирования(юниоры)
12,,"Специалист должен уметь: 
•  проверять и тестировать электрооборудование; 
•  безопасно диагностировать и устранять неисправности 
электрического оборудования и компонентов системы; 
•  оценивать целостность и правильность работы 
холодильной установки; 
•  заменять неисправные компоненты холодильной 
установки; 
•  оценивать и проверять целостность электропроводки 
до подключения к электропитанию; 
•  проводить безопасную утилизацию хладагентов 
естественного происхождения (например, аммиак); 
•  сливать и заливать новое смазочное масло в 
компрессор; 
•  восстанавливать зону проведения работ и 
прилегающие зоны до их первоначального состояния;",,Холодильная техника и системы кондиционирования(юниоры)
13,,Всего,100,Холодильная техника и системы кондиционирования(юниоры)
0,1,Организация и управление работой,10,Холодильная техника и системы кондиционирования
1,,"Специалист должен знать и понимать: 
•  нормы техники безопасности и охраны труда; 
•  средства индивидуальной защиты, используемые при 
работе; 
•  как реагировать на аварийные ситуации, которые 
возникают при работе; 
•  правила обеспечения электробезопасности при работе 
в отрасли ХС И КВ (холодоснабжение и 
кондиционирование воздуха); 
•  методы безопасной работы с тепловыделяющим 
оборудованием; 
•  как безопасно работать с газовым охлаждающим и 
газовым нагревательным оборудованием; 
•  назначение, использование, техническое обслуживание 
и уход за всем оборудованием и инструментом, а также 
безопасность их применения; 
•  назначение, использование, уход и потенциальные 
риски, связанные с материалами и химическими 
веществами; 
•  требования первой помощи и требуемые действия при 
легких и тяжелых травмах; 
•  параметры, в рамках которых необходимо планировать 
работу; 
•  принципы и их применение для содержания рабочей 
зоны в должном состоянии; 
•  применение источников энергии, используемых в 
отрасли ХС И КВ; 
•  важность экономии энергии при вводе в эксплуатацию 
систем ХС И КВ; 
•  методы уменьшения количества отходов и их 
безопасной утилизации.",,Холодильная техника и системы кондиционирования
2,,"Специалист должен уметь: 
•  выполнять оценку рисков и разрабатывать проект 
производства работ;",,Холодильная техника и системы кондиционирования
3,,"Специалист должен знать и понимать: 
•  личности и рабочие функции членов строительной 
бригады и области инженерных систем;  
•  как передавать технические понятия, принятые в 
конкретной компетенции, другим работникам в 
области инженерных систем; 
•  ход работы в группе и взаимодействие с другими 
группами и командами с общей компетенцией с целью 
выполнения задачи; 
•  спектр и назначение документации, включая 
текстовую, графическую, печатную и электронную.",,Холодильная техника и системы кондиционирования
4,,"Специалист должен уметь: 
•  читать, понимать и находить необходимые 
технические данные и указания в руководствах и 
другой документации;",,Холодильная техника и системы кондиционирования
5,,"Специалист должен знать и понимать: 
•  стандартные единицы измерений, используемые в 
сфере ХС И КВ; 
•  подробные свойства применяемых в сфере ХС И КВ 
материалов и жидкостей; 
•  взаимосвязь и взаимодействие энергии, тепла и 
электрической мощности; 
•  основные принципы силы и давления и их применения 
в сфере ХС И КВ; 
•  подробные свойства жидкостей, используемых в сфере 
ХС И КВ; 
•  холодильный цикл; 
•  принципы и основные положения, используемые в 
технических условиях и чертежах; 
•  спектр применяемых технических условий и чертежей, 
а также их назначение; 
•  типы и виды применения электрокабелей и устройств 
для различных применений.",,Холодильная техника и системы кондиционирования
6,,"Специалист должен уметь: 
•  оценивать обоснованность размещения системы в 
указанной зоне; 
•  рассчитывать относительную плотность хладагентов 
по отношению к воздуху и воде; 
•  использовать терминологию, ассоциируемую со 
скрытой/удельной теплоемкостью и изменением 
агрегатного состояния жидкости; 
•  выполнять простые расчеты, касающиеся тепловой 
энергии и мощности, силы и давления;",,Холодильная техника и системы кондиционирования
7,,"Специалист должен знать и понимать: 
•  нормы техники безопасности и охраны труда, 
применимые к установке, техобслуживанию, ремонту и 
выводу из эксплуатации систем ХС И КВ; 
•  принципы работы и компоновки систем ХС И КВ; 
•  методику установки, крепления и тестирования 
материалов, оборудования и компонентов; 
•  регламент обслуживания и ремонта систем, 
оборудования и компонентов ХС и КВ.",,Холодильная техника и системы кондиционирования
8,,"Специалист должен уметь: 
•  понимать схемы, планы и технические условия для 
гидравлических и электрических систем; 
•  безопасно работать с газовым нагревательным 
оборудованием; 
•  составлять перечень требуемых инструментов, 
компонентов и материалов для установки; 
•  снимать и переносить размеры и углы с 
предоставленных чертежей; 
•  определять, проверять и использовать различные типы 
газов и оборудования, используемого для выполнения 
соединений в сфере ХС И КВ;",,Холодильная техника и системы кондиционирования
9,,"Специалист должен знать и понимать: 
•  знание основ и последовательности пусконаладочных 
и ремонтно-диагностических работ и умение их 
выполнять; 
•  технику безопасности относительно обращения с 
хладагентами;  
•  правила подачи электропитания; 
•  настройка механических, электрических и электронных 
регуляторов температуры, давления, частоты 
вращения, расхода и уровня для оптимального 
функционирования системы; 
•  как обеспечить эффективную работу системы.",,Холодильная техника и системы кондиционирования
10,,"Специалист должен уметь: 
•  выполнять заправку системы правильным типом и 
необходимым количеством хладагента для 
эффективной работы (без утечки хладагента в 
окружающую среду); 
•  выполнять осмотр системы на предмет утечки после 
ввода в эксплуатацию, используя прямые или 
непрямые методы измерений; 
•  оценивать правильность работы системы;",,Холодильная техника и системы кондиционирования
11,,"Специалист должен знать и понимать: 
•  электрические стандарты, применимые в сфере ХС И 
КВ; 
•  требования к проверке и тестированию электрического 
оборудования; 
•  процедуры безопасного диагностирования и 
устранения неисправностей электрического 
оборудования; 
•  процедуры безопасного отключения определенных 
систем; 
•  важность сохранения оригинальной конструкции и 
эксплуатационных параметров.",,Холодильная техника и системы кондиционирования
12,,"Специалист должен уметь: 
•  проверять и тестировать электрооборудование; 
•  безопасно диагностировать и устранять неисправности 
электрического оборудования и компонентов системы; 
•  оценивать целостность и правильность работы 
холодильной установки; 
•  заменять неисправные компоненты холодильной 
установки; 
•  оценивать и проверять целостность электропроводки 
до подключения к электропитанию; 
•  проводить безопасную утилизацию хладагентов 
естественного происхождения (например, аммиак); 
•  сливать и заливать новое смазочное масло в 
компрессор; 
•  восстанавливать зону проведения работ и 
прилегающие зоны до их первоначального состояния;",,Холодильная техника и системы кондиционирования
13,,Всего,100,Холодильная техника и системы кондиционирования
